iteration,frame,eval_episode_return,train_episode_return,eval_num_episodes,train_num_episodes,eval_frame_rate,train_frame_rate,train_exploration_epsilon,normalized_return,capped_normalized_return,human_gap
0,0,122.32558139534883,nan,516,0,1216.8289502154062,nan,1.0,-0.07707306433059674,-0.07707306433059674,1.0770730643305968
1,1000000,203.52542372881356,1480.057306590258,590,349,1182.3618207267593,838.6549773554082,0.8020002475,-0.07192715715144246,-0.07192715715144246,1.0719271571514424
2,2000000,2232.769230769231,1755.4727793696275,130,349,1215.4767363188794,787.080588478857,0.5545002475,0.05667284963206888,0.05667284963206888,0.9433271503679311
3,3000000,2099.5424836601305,1901.0344827586207,153,348,1204.3303790080565,773.2412246117964,0.3070002475,0.048229822469668275,0.048229822469668275,0.9517701775303318
4,4000000,2065.897435897436,2146.0830860534124,195,337,1203.6392359299891,767.9118201510983,0.05950024749999997,0.04609762260511651,0.04609762260511651,0.9539023773948835
5,5000000,2435.808383233533,2324.185303514377,167,313,1203.0773392685717,761.2876453957332,0.01,0.06954012378298,0.06954012378298,0.93045987621702
6,6000000,2584.8818897637793,2416.6315789473683,127,285,1200.920823951249,762.2930983593566,0.01,0.0789874134011711,0.0789874134011711,0.9210125865988289
7,7000000,2476.7586206896553,2457.5824175824177,145,273,1202.4819017089196,756.8570164566663,0.01,0.0721352780943411,0.0721352780943411,0.9278647219056589
8,8000000,2422.091503267974,2515.860805860806,153,273,1179.1265528871193,752.0639869526252,0.01,0.06867083895357737,0.06867083895357737,0.9313291610464226
9,9000000,2667.8358208955224,2513.0223880597014,134,268,1208.01990196645,746.5412614481928,0.01,0.08424448308853401,0.08424448308853401,0.915755516911466
10,10000000,2953.943661971831,2736.9498069498068,142,259,1188.637978879043,754.9432012605548,0.01,0.10237609949439658,0.10237609949439658,0.8976239005056035
11,11000000,3184.3518518518517,3074.527559055118,108,254,1173.3145489519768,752.2073682749177,0.01,0.11697784162057427,0.11697784162057427,0.8830221583794258
12,12000000,3296.030534351145,3314.2622950819673,131,244,1215.1369780581558,749.2785717439887,0.01,0.12405529543719034,0.12405529543719034,0.8759447045628097
13,13000000,3743.037037037037,3467.448559670782,135,243,1197.8741193749638,747.7576829038281,0.01,0.15238360132051312,0.15238360132051312,0.8476163986794869
14,14000000,4255.0,4192.331838565023,112,223,1198.4565446577008,760.6819279577035,0.01,0.1848284166164961,0.1848284166164961,0.8151715833835039
15,15000000,4733.166666666667,4668.6567164179105,120,201,1199.0096627519608,758.872402591849,0.01,0.2151314469195264,0.2151314469195264,0.7848685530804735
16,16000000,5535.384615384615,5080.761421319797,91,197,1165.9076959415086,757.1119153434369,0.01,0.2659706971313803,0.2659706971313803,0.7340293028686198
17,17000000,5679.266055045871,5611.783783783784,109,185,1176.888631651675,755.6114946336304,0.01,0.27508894800506173,0.27508894800506173,0.7249110519949382
18,18000000,6497.058823529412,6180.284090909091,85,176,1183.8265185952325,756.774269795338,0.01,0.326915226941881,0.326915226941881,0.673084773058119
19,19000000,5942.448979591837,6022.608695652174,98,184,1162.2175258057719,760.5065685452612,0.01,0.29176773532696454,0.29176773532696454,0.7082322646730355
20,20000000,7055.263157894737,6541.142857142857,76,175,1127.91603676313,751.669612997673,0.01,0.36229051350769903,0.36229051350769903,0.637709486492301
21,21000000,7215.8441558441555,6744.137931034483,77,174,1161.8281406951878,757.4159435501035,0.01,0.3724670715703384,0.3724670715703384,0.6275329284296616
22,22000000,6985.402298850575,6745.606936416185,87,173,1171.5393156922623,753.5555045217139,0.01,0.3578631958459124,0.3578631958459124,0.6421368041540876
23,23000000,6999.101123595506,6934.310344827586,89,174,1166.3352241821378,763.5679612200328,0.01,0.3587313364552429,0.3587313364552429,0.6412686635447571
24,24000000,7051.836734693878,6973.76404494382,98,178,1196.0131796837154,755.0455316179473,0.01,0.3620733695423732,0.3620733695423732,0.6379266304576268
25,25000000,6941.095890410959,7049.771428571428,73,175,1210.9025529429628,749.577397426044,0.01,0.3550553496885807,0.3550553496885807,0.6449446503114193
26,26000000,6349.545454545455,7160.611111111111,88,180,1204.537151441071,748.3087276751318,0.01,0.3175668084885741,0.3175668084885741,0.6824331915114259
27,27000000,8274.736842105263,7339.418604651163,76,172,1222.7010352172833,751.9582819292114,0.01,0.4395726633990471,0.4395726633990471,0.5604273366009529
28,28000000,8529.43661971831,7416.6863905325445,71,169,1206.0796988550396,751.8160140820214,0.01,0.45571384516101965,0.45571384516101965,0.5442861548389804
29,29000000,7859.117647058823,7538.779069767442,68,172,1189.9983690428999,750.060384921692,0.01,0.4132334767932332,0.4132334767932332,0.5867665232067668
30,30000000,7119.61038961039,7751.543209876543,77,162,1203.2099357639872,755.5873574971022,0.01,0.3663684140568706,0.3663684140568706,0.6336315859431294
31,31000000,6965.764705882353,8173.096774193548,85,155,1179.6749377084307,760.2951555226183,0.01,0.35661869551521613,0.35661869551521613,0.6433813044847838
32,32000000,8047.820512820513,8401.56862745098,78,153,1167.810453300508,758.3722703329728,0.01,0.4251922122260219,0.4251922122260219,0.5748077877739781
33,33000000,9172.098765432098,9095.205479452055,81,146,1165.6640154697836,761.0989314801578,0.01,0.4964415073628504,0.4964415073628504,0.5035584926371496
34,34000000,9219.066666666668,9395.862068965518,75,145,1162.2065007762624,764.2837950749614,0.01,0.499418021272326,0.499418021272326,0.500581978727674
35,35000000,9688.5,9320.068027210884,80,147,1152.3806405568798,766.2426125594793,0.01,0.5291675908615608,0.5291675908615608,0.47083240913843916
36,36000000,10069.846153846154,9813.857142857143,65,140,1165.28178869026,768.2838643045544,0.01,0.553334779546003,0.553334779546003,0.44666522045399704
37,37000000,10765.538461538461,10128.561151079137,65,139,1164.4349504518252,762.3917299665213,0.01,0.5974231415151596,0.5974231415151596,0.40257685848484037
38,38000000,11779.193548387097,10076.5,62,140,1177.073550426236,767.111952628357,0.01,0.6616618744818972,0.6616618744818972,0.33833812551810283
39,39000000,10390.588235294117,10322.971014492754,68,138,1205.0862101504038,766.86191609213,0.01,0.5736612842798642,0.5736612842798642,0.4263387157201358
40,40000000,11652.777777777777,10532.255639097744,72,133,1215.2113707804333,760.0689960029889,0.01,0.6536504818136049,0.6536504818136049,0.34634951818639514
41,41000000,9064.09090909091,10848.396946564886,66,131,1201.643068634264,758.7726131162738,0.01,0.4895966861491752,0.4895966861491752,0.5104033138508248
42,42000000,12555.357142857143,11011.692307692309,56,130,1202.590344374554,748.621727621755,0.01,0.7108499726136533,0.7108499726136533,0.28915002738634665
43,43000000,12192.758620689656,11045.0,58,132,1197.992855352415,743.9324750893574,0.01,0.6878708844190029,0.6878708844190029,0.3121291155809971
44,44000000,12247.460317460318,11475.625,63,128,1192.170093531661,747.824887367249,0.01,0.6913375149694425,0.6913375149694425,0.3086624850305575
45,45000000,10768.518518518518,11248.712121212122,81,132,1179.9581581349978,756.3661249648628,0.01,0.5976119977514192,0.5976119977514192,0.40238800224858084
46,46000000,12112.786885245901,11836.850393700788,61,127,1184.577513712053,758.4785076979316,0.01,0.6828028065050161,0.6828028065050161,0.3171971934949839
47,47000000,11126.712328767124,11528.384615384615,73,130,1178.3378936272923,763.1581805838407,0.01,0.6203119445335482,0.6203119445335482,0.3796880554664518
48,48000000,12559.420289855072,11793.070866141732,69,127,1184.8349701329882,764.7404127899656,0.01,0.7111074679080498,0.7111074679080498,0.2888925320919502
49,49000000,8169.072164948454,11643.538461538461,97,130,1177.7340810071896,764.0027799319828,0.01,0.43287633733315084,0.43287633733315084,0.5671236626668492
50,50000000,12682.42857142857,11951.953125,70,128,1179.7644605148942,762.9454167926136,0.01,0.7189029165327526,0.7189029165327526,0.2810970834672474
51,51000000,12986.0,11783.953488372093,60,129,1169.9895834657375,766.7576154499023,0.01,0.7381412592287462,0.7381412592287462,0.2618587407712538
52,52000000,11356.07142857143,12277.886178861789,56,123,1199.7567046004426,763.8104872109467,0.01,0.6348472022923052,0.6348472022923052,0.3651527977076948
53,53000000,12902.923076923076,12536.363636363636,65,121,1203.7584324713841,765.3133555503355,0.01,0.7328763951280507,0.7328763951280507,0.2671236048719493
54,54000000,11160.125,12019.527559055117,80,127,1162.8236872855682,762.1678790870759,0.01,0.6224294179156501,0.6224294179156501,0.3775705820843499
55,55000000,11351.451612903225,12565.327868852459,62,122,1188.739559311002,761.0073245465928,0.01,0.6345544290315426,0.6345544290315426,0.3654455709684574
56,56000000,13454.179104477613,12910.588235294117,67,119,1200.2301588452913,759.2981039132093,0.01,0.7678113441159488,0.7678113441159488,0.23218865588405124
57,57000000,13155.142857142857,12836.218487394957,70,119,1198.7928853290769,758.1036427709666,0.01,0.7488604111120667,0.7488604111120667,0.2511395888879333
58,58000000,12986.923076923076,12045.078125,65,128,1173.7530840393088,758.8736069262566,0.01,0.7381997577187538,0.7381997577187538,0.2618002422812462
59,59000000,13267.727272727272,12703.11475409836,66,122,1192.1515019444128,749.8983275213526,0.01,0.7559952642813316,0.7559952642813316,0.24400473571866843
60,60000000,11727.538461538461,12919.173553719009,65,121,1191.4521377552671,747.9900196359617,0.01,0.6583883178515454,0.6583883178515454,0.3416116821484546
61,61000000,13919.166666666666,13065.950413223141,60,121,1193.9254537705133,748.6643975047576,0.01,0.7972791702314184,0.7972791702314184,0.20272082976858163
62,62000000,13983.050847457627,12876.178861788618,59,123,1180.7731014259703,753.5442252806178,0.01,0.8013277256857079,0.8013277256857079,0.19867227431429213
63,63000000,14707.796610169491,13082.479338842975,59,121,1194.7826305653628,760.3237485004594,0.01,0.8472573028403619,0.8472573028403619,0.15274269715963806
64,64000000,14213.181818181818,13088.264462809917,66,121,1192.1159053810632,758.7622887199038,0.01,0.8159118995013669,0.8159118995013669,0.1840881004986331
65,65000000,14580.925925925925,13021.475409836066,54,122,1181.2445977134678,762.4330910119425,0.01,0.8392170807646583,0.8392170807646583,0.16078291923534171
66,66000000,12875.17857142857,13505.847457627118,56,118,1180.586830991528,761.2232177237426,0.01,0.7311181324774911,0.7311181324774911,0.26888186752250887
67,67000000,9641.911764705883,13175.950413223141,68,121,1187.3417366350195,759.1357137375186,0.01,0.5262151376599945,0.5262151376599945,0.4737848623400055
68,68000000,13184.25925925926,13641.896551724138,54,116,1185.4036705872013,760.9010821190739,0.01,0.7507056154668563,0.7507056154668563,0.24929438453314368
69,69000000,14806.346153846154,13797.413793103447,52,116,1195.841153296794,759.9305809811274,0.01,0.8535027189610669,0.8535027189610669,0.1464972810389331
70,70000000,14546.875,14314.159292035398,64,113,1173.1949310377552,764.7040015568313,0.01,0.8370591590354574,0.8370591590354574,0.16294084096454264
71,71000000,11940.806451612903,13126.585365853658,62,123,1195.2726032880896,764.3390487725959,0.01,0.6719038278534113,0.6719038278534113,0.3280961721465887
72,72000000,16031.578947368422,13656.581196581197,57,117,1182.1718823876813,759.1360842522926,0.01,0.9311498429841517,0.9311498429841517,0.06885015701584829
73,73000000,15387.169811320755,13705.344827586207,53,116,1178.9789234765872,760.8290669907917,0.01,0.8903114681276818,0.8903114681276818,0.1096885318723182
74,74000000,14150.980392156862,13697.863247863248,51,117,1188.3364242441592,752.7865810669302,0.01,0.8119699858776807,0.8119699858776807,0.18803001412231934
75,75000000,14554.38596491228,14762.09090909091,57,110,1176.541677258798,745.87676542298,0.01,0.8375351541501492,0.8375351541501492,0.16246484584985077
76,76000000,14934.33962264151,13731.101694915254,53,118,1178.1379317456128,748.72477302932,0.01,0.8616140956710612,0.8616140956710612,0.13838590432893882
77,77000000,13621.4,13886.465517241379,50,116,1143.2124743033721,750.4122902150739,0.01,0.7784086948255647,0.7784086948255647,0.22159130517443526
78,78000000,14371.923076923076,14060.689655172413,52,116,1164.5379688694811,762.6336997969335,0.01,0.8259718671011804,0.8259718671011804,0.17402813289881958
79,79000000,14283.207547169812,14428.214285714286,53,112,1169.1462846106026,764.4055390091778,0.01,0.8203496655261454,0.8203496655261454,0.1796503344738546
80,80000000,14458.412698412698,14283.245614035088,63,114,1198.884368975242,762.8462539721796,0.01,0.8314530053812034,0.8314530053812034,0.16854699461879663
81,81000000,15514.807692307691,14111.538461538461,52,117,1194.7383691956609,766.5371219539975,0.01,0.8984003100419969,0.8984003100419969,0.10159968995800306
82,82000000,16122.545454545454,14817.747747747748,55,111,1173.3063495994206,764.4793485153784,0.01,0.936914696571213,0.936914696571213,0.06308530342878704
83,83000000,13200.0,14948.80733944954,69,109,1171.0974785913033,766.7638611219908,0.01,0.7517031591622041,0.7517031591622041,0.2482968408377959
84,84000000,11804.677419354839,14396.106194690265,62,113,1199.8281941697785,763.50039285311,0.01,0.6632768731173255,0.6632768731173255,0.3367231268826745
85,85000000,13242.35294117647,14349.473684210527,51,114,1190.3349306637745,765.3825540869908,0.01,0.7543872075272645,0.7543872075272645,0.24561279247273549
86,86000000,16737.636363636364,14480.79646017699,55,113,1171.2877249472517,758.4002564778377,0.01,0.9758950767537858,0.9758950767537858,0.02410492324621416
87,87000000,14047.884615384615,14380.70796460177,52,113,1191.9156538350585,763.1150673657811,0.01,0.8054364596713848,0.8054364596713848,0.19456354032861523
88,88000000,16366.727272727272,14526.637168141593,55,113,1177.3851281586458,754.6883939259396,0.01,0.9523893198597719,0.9523893198597719,0.04761068014022807
89,89000000,14917.959183673469,14227.241379310344,49,116,1174.3803298827654,751.4073325583344,0.01,0.8605760121469925,0.8605760121469925,0.13942398785300747
90,90000000,16275.4,14462.857142857143,50,112,1183.2555894029715,750.7091407562523,0.01,0.9466016033461137,0.9466016033461137,0.05339839665388635
91,91000000,13784.464285714286,14597.05357142857,56,112,1191.2318913962467,763.7244454176569,0.01,0.7887426271880786,0.7887426271880786,0.21125737281192136
92,92000000,14752.931034482759,14658.392857142857,58,112,1187.2095306528493,753.991030476126,0.01,0.8501176231491974,0.8501176231491974,0.14988237685080263
93,93000000,15001.454545454546,14557.807017543859,55,114,1177.275903376493,767.5026105589832,0.01,0.8658673941160713,0.8658673941160713,0.13413260588392872
94,94000000,16076.346153846154,14589.910714285714,52,112,1187.0723040573937,767.5508157482033,0.01,0.9339868914633641,0.9339868914633641,0.06601310853663589
95,95000000,15538.166666666666,14811.32743362832,60,113,1173.809334974828,767.5729056152405,0.01,0.8998806468308036,0.8998806468308036,0.1001193531691964
96,96000000,17122.264150943396,14324.260869565218,53,115,1187.2977086399462,768.468637688175,0.01,1.0002702335906333,1.0,0.0
97,97000000,14921.509433962265,15215.636363636364,53,110,1189.503555645747,759.6644361157734,0.01,0.8608010034514569,0.8608010034514569,0.13919899654854306
98,98000000,15024.423076923076,14939.285714285714,52,112,1181.8876233914855,766.6137790856201,0.01,0.8673229872253923,0.8673229872253923,0.13267701277460775
99,99000000,16747.59259259259,15210.91743119266,54,109,1027.9881456307853,710.8569907457089,0.01,0.9765260364772389,0.9765260364772389,0.0234739635227611
100,100000000,15279.047619047618,15146.330275229358,63,109,1200.2026470211756,758.9846574921147,0.01,0.8834594010613529,0.8834594010613529,0.1165405989386471
101,101000000,12349.589041095891,15139.18918918919,73,111,1191.9895450140725,742.9140278652528,0.01,0.6978097557651314,0.6978097557651314,0.3021902442348686
102,102000000,17484.23076923077,14815.0,52,114,1550.567535843449,912.9294886625064,0.01,1.0232092759105655,1.0,0.0
103,103000000,17908.46153846154,15059.181818181818,52,110,1514.4301373415947,917.9374522627082,0.01,1.0500942069432833,1.0,0.0
104,104000000,16599.821428571428,14921.160714285714,56,112,1497.498133288555,913.4099747988012,0.01,0.9671612806851565,0.9671612806851565,0.0328387193148435
105,105000000,17172.40740740741,14565.663716814159,54,113,1468.6791846640322,917.5355855529517,0.01,1.0034479804434493,1.0,0.0
106,106000000,13536.315789473685,15444.311926605504,57,109,1452.3253662865552,906.8648907347143,0.01,0.7730166221663352,0.7730166221663352,0.22698337783366485
107,107000000,16563.333333333332,15276.697247706423,48,109,1464.7523302269396,908.4864425041434,0.01,0.9648489073375792,0.9648489073375792,0.03515109266242078
108,108000000,13239.285714285714,15329.636363636364,70,110,1582.896529154393,915.2148995920842,0.01,0.7541928270405092,0.7541928270405092,0.24580717295949084
109,109000000,16329.636363636364,15195.454545454546,55,110,1525.426879684501,927.8757761468624,0.01,0.9500387441703707,0.9500387441703707,0.04996125582962929
110,110000000,13765.510204081633,15041.061946902655,49,113,1533.455254156153,929.5801582618136,0.01,0.7875414432701691,0.7875414432701691,0.21245855672983094
111,111000000,17203.0,14732.94642857143,50,112,1528.6576603474223,930.6416168610436,0.01,1.0053867359548783,1.0,0.0
112,112000000,16350.754716981131,15353.796296296296,53,108,1540.4760167113536,936.0631204148153,0.01,0.9513770852676657,0.9513770852676657,0.048622914732334266
113,113000000,17112.4,15301.37614678899,50,109,1476.6282397888333,922.698108020649,0.01,0.9996451091606199,0.9996451091606199,0.00035489083938011756
114,114000000,15922.156862745098,15779.528301886792,51,106,1518.8092974654219,917.1512584280717,0.01,0.924215397366526,0.924215397366526,0.07578460263347397
115,115000000,17157.82608695652,15536.203703703704,46,108,1470.577793941079,910.9161118391488,0.01,1.0025239131123622,1.0,0.0
116,116000000,17106.22641509434,15825.140186915887,53,107,1144.6261851394806,810.8159941053128,0.01,0.999253868316128,0.999253868316128,0.0007461316838720533
117,117000000,2827.4657534246576,15192.201834862386,146,109,1177.85350419138,779.7042483618641,0.01,0.09436076893593952,0.09436076893593952,0.9056392310640605
118,118000000,15387.021276595744,15003.603603603604,47,111,1192.4489932545334,772.5421668919827,0.01,0.8903020549824611,0.8903020549824611,0.10969794501753893
119,119000000,16676.53846153846,15802.710280373833,52,107,1169.008457317402,772.9726360759478,0.01,0.9720230971538046,0.9720230971538046,0.02797690284619536
120,120000000,16175.490196078432,15631.651376146789,51,109,1183.620803435615,793.9764582146553,0.01,0.9402699829575355,0.9402699829575355,0.0597300170424645
121,121000000,14300.5,15326.126126126126,60,111,1183.372977913426,798.191483687156,0.01,0.8214455464368327,0.8214455464368327,0.17855445356316735
122,122000000,15058.518518518518,14854.247787610619,54,113,1187.5676538914422,801.0133327738976,0.01,0.8694837300623288,0.8694837300623288,0.13051626993767118
123,123000000,16116.734693877552,15847.155963302752,49,109,1196.8893251968793,796.6709655141876,0.01,0.936546449119272,0.936546449119272,0.06345355088072802
124,124000000,15382.363636363636,15906.481481481482,55,108,1186.6535076551002,800.9616027957253,0.01,0.8900068846518353,0.8900068846518353,0.1099931153481647
125,125000000,17358.8,15751.651376146789,50,109,1184.6966645730183,790.3746623485748,0.01,1.015260306093349,1.0,0.0
126,126000000,12555.882352941177,15682.935779816513,68,109,1169.148190157882,792.7949306715503,0.01,0.7108832569435772,0.7108832569435772,0.28911674305642276
127,127000000,17222.916666666668,15293.063063063064,48,111,1158.1724792143,794.1977155805391,0.01,1.0066489221246977,1.0,0.0
128,128000000,13482.4,16417.572815533982,50,103,1160.0955748258364,796.4880643299808,0.01,0.7695997972052346,0.7695997972052346,0.23040020279476536
129,129000000,12239.444444444445,15652.990654205607,54,107,1142.6213765142882,793.8921963832248,0.01,0.6908295221296268,0.6908295221296268,0.3091704778703732
130,130000000,15475.535714285714,15918.11320754717,56,106,1165.7218612220377,794.1117869557037,0.01,0.8959115126769361,0.8959115126769361,0.10408848732306386
131,131000000,15138.196721311475,15918.981481481482,61,108,1163.0303915951824,792.4891655182129,0.01,0.8745332058247394,0.8745332058247394,0.12546679417526063
132,132000000,19327.608695652172,16644.271844660194,46,103,1198.302285156486,797.4368008769052,0.01,1.1400303365538942,1.0,0.0
133,133000000,16899.347826086956,16027.452830188678,46,106,1180.0199574712522,799.4406062497894,0.01,0.9861432761549451,0.9861432761549451,0.013856723845054875
134,134000000,9877.826086956522,15937.87037037037,69,108,1182.5207523572349,797.7536196701951,0.01,0.5411658219180914,0.5411658219180914,0.45883417808190863
135,135000000,16031.016949152543,15192.743362831858,59,113,1137.8448249570774,798.29723762617,0.01,0.9311142272665511,0.9311142272665511,0.06888577273344887
136,136000000,16260.833333333334,15527.410714285714,48,112,1168.394859425271,794.8945208122084,0.01,0.9456784646746306,0.9456784646746306,0.05432153532536943
137,137000000,12147.67857142857,16307.075471698114,56,106,1166.2521821732369,801.8569293125541,0.01,0.6850140100401515,0.6850140100401515,0.3149859899598485
138,138000000,17005.185185185186,16131.775700934579,54,107,1171.4057721214226,802.6758249654492,0.01,0.9928505456564014,0.9928505456564014,0.0071494543435985936
139,139000000,17231.88679245283,16348.952380952382,53,105,1145.005064182517,801.9556343146843,0.01,1.0072173891728402,1.0,0.0
140,140000000,17480.576923076922,15537.297297297297,52,111,1146.6845316338583,794.3541664401597,0.01,1.0229777193876182,1.0,0.0
141,141000000,16555.833333333332,15753.48623853211,48,109,1135.4564734063383,798.0425296411852,0.01,0.9643736071062665,0.9643736071062665,0.03562639289373348
142,142000000,14268.59649122807,16310.0,57,107,1121.2944505621624,795.2577772202987,0.01,0.8194237137569677,0.8194237137569677,0.18057628624303235
143,143000000,17165.81818181818,16582.095238095237,55,105,1120.9699555911545,795.8107452426037,0.01,1.0030303990505516,1.0,0.0
144,144000000,17045.555555555555,16536.190476190477,54,105,1104.2353743372978,798.7016444874577,0.01,0.995408951839764,0.995408951839764,0.004591048160236033
145,145000000,15330.204081632653,16374.33962264151,49,106,1122.0966105564717,784.210172010015,0.01,0.886701358194661,0.886701358194661,0.113298641805339
146,146000000,18050.78431372549,16306.728971962617,51,107,1129.6471675636583,794.930206627997,0.01,1.0591136800104877,1.0,0.0
147,147000000,16579.43396226415,15602.363636363636,53,110,1120.785309081633,798.0363523355726,0.01,0.9658692583582591,0.9658692583582591,0.0341307416417409
148,148000000,18292.55319148936,15614.55357142857,47,112,1086.6312475481584,745.7030384408628,0.01,1.0744353871472077,1.0,0.0
149,149000000,17662.59259259259,17010.97087378641,54,103,1091.9981126130199,728.150027356975,0.01,1.0345126646973979,1.0,0.0
150,150000000,17738.695652173912,16828.666666666668,46,105,1104.1294604675936,758.2034346750384,0.01,1.0393355716070796,1.0,0.0
151,151000000,16787.454545454544,16890.096153846152,55,104,1079.087843118179,746.9172620952824,0.01,0.9790522225326876,0.9790522225326876,0.020947777467312356
152,152000000,16655.49019607843,16326.32075471698,51,106,1097.771055824998,764.4932993500227,0.01,0.9706891977615533,0.9706891977615533,0.02931080223844673
153,153000000,17754.042553191488,15584.910714285714,47,112,1097.3879883641252,783.8475689095774,0.01,1.0403081563542247,1.0,0.0
154,154000000,15128.095238095239,16508.77358490566,63,106,1092.1858966242698,785.4159825732432,0.01,0.8738930408501688,0.8738930408501688,0.12610695914983117
155,155000000,15511.88679245283,16387.54716981132,53,106,1097.6230288028153,770.0840276215739,0.01,0.898215202791776,0.898215202791776,0.10178479720822398
156,156000000,17982.777777777777,16461.028037383177,54,107,1123.862625044447,785.4121426664902,0.01,1.0548038770415904,1.0,0.0
157,157000000,15916.481481481482,16410.18691588785,54,107,1085.7088466982632,783.7913649053598,0.01,0.9238557293628747,0.9238557293628747,0.07614427063712526
158,158000000,19242.978723404256,16441.132075471698,47,106,1086.3401222859704,781.9830280349192,0.01,1.1346670505025036,1.0,0.0
159,159000000,18860.19230769231,17210.196078431374,52,102,1104.4537727072789,780.499094694361,0.01,1.1104085875783332,1.0,0.0
160,160000000,19373.40425531915,16735.0,47,106,1108.1238698427403,775.5539164015814,0.01,1.142932555234269,1.0,0.0
161,161000000,15694.25925925926,17134.607843137255,54,102,1100.4069990225696,784.3061112871596,0.01,0.9097727595461997,0.9097727595461997,0.09022724045380026
162,162000000,14564.098360655738,16470.841121495327,61,107,1114.6575505093554,776.4348219920541,0.01,0.8381506613426115,0.8381506613426115,0.1618493386573885
163,163000000,14269.25925925926,16182.385321100917,54,109,1110.690201589792,775.8808757479179,0.01,0.8194657155967717,0.8194657155967717,0.18053428440322827
164,164000000,18832.69230769231,16789.905660377357,52,106,1116.6983864166693,772.8318489861897,0.01,1.1086658200635198,1.0,0.0
165,165000000,17438.823529411766,16936.53846153846,51,104,1121.4671946697197,786.6621270639279,0.01,1.0203316663653326,1.0,0.0
166,166000000,19640.208333333332,16870.95238095238,48,105,1111.4751173848867,776.3208771967483,0.01,1.159840827233647,1.0,0.0
167,167000000,14802.553191489362,16752.47619047619,47,105,1118.3421730596156,762.5014426013513,0.01,0.8532623461763277,0.8532623461763277,0.14673765382367232
168,168000000,16339.615384615385,16708.076923076922,52,104,1118.9043052670243,778.7164306720273,0.01,0.9506711483009845,0.9506711483009845,0.049328851699015464
169,169000000,14805.079365079366,17222.81553398058,63,103,1117.9981949835478,780.8851640683245,0.01,0.8534224382952164,0.8534224382952164,0.14657756170478364
170,170000000,17243.333333333332,16178.611111111111,51,108,1125.0565748271524,773.68478965555,0.01,1.0079427949766047,1.0,0.0
171,171000000,17774.545454545456,16687.904761904763,55,105,1126.1156196397835,787.6438025057305,0.01,1.0416074941883746,1.0,0.0
172,172000000,18327.54716981132,17932.62626262626,53,99,1118.5355748218851,782.281099506537,0.01,1.0766530732793385,1.0,0.0
173,173000000,18873.541666666668,17115.04854368932,48,103,1142.2472451393144,782.1593140010805,0.01,1.1112545813661185,1.0,0.0
174,174000000,18883.777777777777,17715.3,45,100,1143.8923377084357,791.9872835926753,0.01,1.1119032781632991,1.0,0.0
175,175000000,18262.55319148936,16588.78504672897,47,107,1133.6236923115557,784.933362824837,0.01,1.0725341862219564,1.0,0.0
176,176000000,19426.0,16208.055555555555,50,108,1138.992758123893,781.939377853565,0.01,1.146265724515986,1.0,0.0
177,177000000,15523.454545454546,17166.601941747573,55,103,1145.8612742628602,788.2885320783912,0.01,0.8989482902154406,0.8989482902154406,0.10105170978455935
178,178000000,19442.340425531915,16520.833333333332,47,108,1133.1110959626892,781.5808429211335,0.01,1.147301272253995,1.0,0.0
179,179000000,13893.673469387755,17444.313725490196,49,102,1119.3420696014898,756.5330155117358,0.01,0.7956635805562758,0.7956635805562758,0.20433641944372416
180,180000000,16806.428571428572,17112.78846153846,56,104,1126.849835994553,770.3099863430517,0.01,0.9802546703906063,0.9802546703906063,0.01974532960939368
181,181000000,19437.115384615383,16511.603773584906,52,106,1117.0392814123584,775.0719200327152,0.01,1.146970143833162,1.0,0.0
182,182000000,18973.877551020407,17077.596153846152,49,104,1150.2884818673342,786.2891752880842,0.01,1.1176132039050926,1.0,0.0
183,183000000,9871.764705882353,16725.420560747665,68,107,1148.667333322843,794.6654501847553,0.01,0.5407816918078744,0.5407816918078744,0.4592183081921256
184,184000000,20335.777777777777,17231.35922330097,45,103,1146.429453865229,782.2545728090678,0.01,1.203921402945453,1.0,0.0
185,185000000,17171.666666666668,17956.565656565657,54,99,1144.1624233196694,791.2425787189599,0.01,1.0034010372107272,1.0,0.0
186,186000000,18150.869565217392,17432.6213592233,46,103,1152.3337550325423,756.8661170622233,0.01,1.065456419101834,1.0,0.0
187,187000000,16924.10714285714,17132.01923076923,56,104,1134.624278188903,739.3252244507592,0.01,0.9877123573533472,0.9877123573533472,0.01228764264665283
188,188000000,18412.115384615383,17872.0,52,100,1134.3210084029745,752.5393057039107,0.01,1.082012445553749,1.0,0.0
189,189000000,17269.23076923077,17024.095238095237,52,105,1125.4616839831635,750.3225450378026,0.01,1.0095840026129326,1.0,0.0
190,190000000,17501.964285714286,16872.571428571428,56,105,1127.8925950533837,768.6877292522165,0.01,1.0243331085087795,1.0,0.0
191,191000000,18614.313725490196,17753.366336633662,51,101,1128.5508397325425,786.6175341220141,0.01,1.094826434645597,1.0,0.0
192,192000000,17262.962962962964,17334.563106796115,54,103,1135.0474096661178,772.0029403028722,0.01,1.0091867906437444,1.0,0.0
193,193000000,17298.44827586207,16748.396226415094,58,106,1129.7659581796574,769.6646356911739,0.01,1.0114356143009644,1.0,0.0
194,194000000,11782.67857142857,17566.699029126212,56,103,1143.1492854400435,765.5350079173231,0.01,0.6618827321162629,0.6618827321162629,0.3381172678837371
195,195000000,17475.416666666668,17076.380952380954,48,105,1117.4364732929957,786.2803799317707,0.01,1.0226506965788946,1.0,0.0
196,196000000,19307.755102040817,17548.155339805824,49,103,1114.9074015231395,757.7913830664257,0.01,1.1387721475357786,1.0,0.0
197,197000000,18419.36170212766,17725.940594059404,47,101,1120.5324946204132,745.4331525745503,0.01,1.0824716690723823,1.0,0.0
198,198000000,17195.576923076922,17149.320388349515,52,103,1126.9430142194735,768.1569987170268,0.01,1.0049163105977326,1.0,0.0
199,199000000,18600.20408163265,17136.504854368934,49,103,1124.087961745886,777.1570083453037,0.01,1.0939322590470326,1.0,0.0
200,200000000,15801.052631578947,17074.51923076923,57,104,1116.9518963336864,770.6428057816903,0.01,0.9165406148216957,0.9165406148216957,0.08345938517830431
